{
    "picos": [
        [
            493.0817610062893,
            1.0
        ],
        [
            164.91585925548188,
            0.9903435897135721
        ],
        [
            837.9058303586605,
            0.6319175276160244
        ],
        [
            1191.0589835118137,
            0.1612718922041732
        ],
        [
            329.83171851096375,
            0.10386025868827993
        ],
        [
            814.5843957164711,
            0.10295938807941028
        ],
        [
            211.5587285398606,
            0.07639696497900171
        ],
        [
            1000.3229644739079,
            0.06808354955034825
        ],
        [
            665.4937956824749,
            0.06643030031047363
        ],
        [
            791.2629610742817,
            0.06382926883016622
        ],
        [
            144.9260581336053,
            0.05753346140959583
        ],
        [
            190.7360190379058,
            0.05681377331851347
        ],
        [
            517.2361040285568,
            0.050652607900651
        ],
        [
            692.9797722250552,
            0.05020670301068652
        ],
        [
            855.3969063403025,
            0.041253751571504085
        ],
        [
            716.3012068672446,
            0.04119017974705541
        ],
        [
            740.4555498895121,
            0.04073442594928539
        ],
        [
            548.0537140914499,
            0.03992028650869113
        ],
        [
            443.1072582015978,
            0.03987699832524467
        ],
        [
            1207.7171511133774,
            0.03839394471328879
        ]
    ],
    "fundamental": 144.9260581336053
}