{
    "picos": [
        [
            165.2833610397461,
            1.0
        ],
        [
            331.23318724497506,
            0.3383660558969907
        ],
        [
            145.95587124074353,
            0.030297984549415718
        ]
    ],
    "fundamental": 145.95587124074353
}